[CONFIG]
<?xml version="1.0" encoding="utf-8"?>
<glgps xmlns="http://www.glpals.com/" xmlns:xsi="http://www.w3.org/2001/XMLSchema-instance" xsi:schemaLocation="http://www.glpals.com/ glconfig.xsd" >

<!-- It is highly recommended to view/edit this file with syntax-highlighting 
    editors such as notepad++ or vim. This way, one can easily distinguish 
    comments and valid code.
-->

<!--Typical Windows hal for evaluation kit connect to DB9 serial cable-->
<hal     
    acPortName="COM4"
    lBaudRate="115200"
    cLogEnabled="true"
    acLogDirectory="C:\debuglog\barracuda\"
    ltoFileName="lto2.dat"
    acNmeaPort="COM10:115200"
/>

<!-- Typical Linux hal for evaluation kit connected to USB -->
<!--hal     
    acPortName="/dev/ttyUSB0"
    lBaudRate="115200"
    cLogEnabled="true"
    acLogDirectory="/var/tmp/gpslogs"
    acNmeaOutName="/var/tmp/nmeapipe"
    ctrlPipe="/var/tmp/gpsirmctrl"
    acNvStoDir="/var/tmp/"
    acEEDir="/var/tmp/"
    acEEFileName="cbee.sto"
    ltoFileName="lto2.dat"
/-->

<!-- Typical Linux hal for evaluation kit connected to DB9 serial cable-->
<!--hal
    acPortName="/dev/ttyS0"
    lBaudRate="115200"cLogEnabled="true"
    acLogDirectory="/var/tmp/gpslogs"
    acNmeaOutName="/var/tmp/nmeapipe"
    ctrlPipe="/var/tmp/gpsirmctrl"
    ltoFileName="lto2.dat"
/>
-->
  
<!-- BCM4751 I2C HAL, and board configuration selection:
    aa-i2c-board="I2C_BOARD_THAMES"        Thames connected with Aardvark (default)
    aa-i2c-board="I2C_BOARD_TEST_FIXTURE"  Thames connected with BASS Test Fixture
    aa-i2c-board="I2C_BOARD_YUKON"         Piranha/Yukon Board with Aardvark
-->   
<!--hal 
    acPortName="AAI2C_4751" 
    cLogEnabled="true" 
    acLogDirectory="C:\debuglog\barracuda\" 
    ltoFileName="lto.dat" 
    aa-i2c-bitrate-khz="400"
    aa-i2c-slave-addr="0x1fa"
    aa-reg-pu="PU_RESET" 
    aa-i2c-max-read-bytes="64"
    aa-i2c-board="I2C_BOARD_THAMES"
/>
-->

<!-- TCP HAL Windows: An easy way to test is to use com2tcp utility that 
    creates a tcp server and open a COM port when a client connect:
        GLL <==> TCP <==> com2tcp <==> UART <==> GNSS_CHIPSET
 -->  
<!--
<hal     
    acPortName="TCP"
    AsicIP="127.0.0.1"
    AsicPort="27015"
    cLogEnabled="true"
    acLogDirectory="C:\debuglog\barracuda\"
    ltoFileName="lto.dat"
/>

<!-- GPS configuration for Thames with internal LNA
     and no calibration clock.
-->
<gll
    LogPriMask="LOG_INFO"
    LogFacMask="LOG_DEFAULT" 
    FrqPlan="FRQ_PLAN_26MHZ_2PPM"   
    RfType="GL_RF_4751_DANUBE_EXT_LNA"
/>

<!-- GPS configuration for Beluga with standalone 26MHz TCXO -->
<!--gll
    LogPriMask="LOG_INFO"
    LogFacMask="LOG_DEFAULT" 
    FrqPlan="FRQ_PLAN_26MHZ_2PPM_10MHZ_100PPB"   
    RfType="GL_RF_47511_BRCM"
/-->
    

<!-- GPS configuration for Thames with standalone 26MHz TCXO
     and CNTIN connected to the clock with 100 ppb uncertainty 
-->
<!--gll
    LogPriMask="LOG_DEBUG"
    LogFacMask="LOG_DEFAULT" 
    FrqPlan="FRQ_PLAN_26MHZ_2PPM_10MHZ_100PPB"   
    RfType="GL_RF_4751_DANUBE_EXT_LNA"
/-->
    
<!-- GPS configuration for BASS 4750 with 16.8 MHz TCXO 
     and CNTIN connected to the clock with 300 ppb uncertainty 
-->
    <!--gll
    LogPriMask="LOG_DEBUG"
    LogFacMask="LOG_GLLAPI | LOG_NMEA | LOG_RAWDATA" 
    FrqPlan="FRQ_PLAN_16_8MHZ_2PPM_10MHZ_300PPB" 
    RfType="GL_RF_BARRACUDA" 
/-->

<!-- Periodic Position Fix using default settings -->
<job id="Periodic">
    <task>
        <req_pos/>
    </task>
</job>

<!-- Periodic Position with the ROM almanac ignored for simulator testing -->
<job id="Simulator_Periodic">
    <task id="cont" repeat="1">
        <startup ignore_rom_alm="true" />
        <req_pos validfix="2000" duration_sec="4500"/>      
    </task>
</job>

<!-- This job must be performed before any systematic tests  -->
<job id="CollectAlmanac">
    <task repeat="1">
        <startup
            ignore_osc="true"
            ignore_rom_alm="true"
            ignore_ram_alm="true"
            ignore_pos="true"
            ignore_nav="true"
            ignore_time="true"
        />
        <req_pos validfix="800"/>
    </task>
</job>

<!-- This job must be performed every time the GPS simulator scenario is reset  -->
<job id="CollectEphemeris">
    <task repeat="1">
        <startup
            ignore_osc="true"
            ignore_rom_alm="true"
            ignore_ram_alm="true"
            ignore_pos="true"
            ignore_nav="true"
            ignore_time="true"
        />
        <req_pos validfix="200"/>
    </task>
</job>

<!-- Systematic Test: Repetitive cold starts -->
<job id="Cold_Starts">
    <task repeat="1">
        <startup
            ignore_osc="false"
            ignore_rom_alm="false"
            ignore_ram_alm="false"
            ignore_pos="true"
            ignore_nav="true"
            ignore_time="true"
        />
        <req_pos validfix="1"/>
    </task>
</job>

<!-- Systematic Test: Repetitive cold starts with the ROM almanac ignored for 
    simulator testing -->
<job id="Simulator_Cold_Starts">
    <task repeat="100">
        <startup
            ignore_osc="false"
            ignore_rom_alm="true"
            ignore_ram_alm="false"
            ignore_pos="true"
            ignore_nav="true"
            ignore_time="true"
        />
        <req_pos validfix="1"/>
    </task>
</job>

<!-- Systematic Test: Repetitive warm starts  
    Stored ephemeris data is discarded before the start begins
    This simulates GPS receiver start after it was left off for more that 4 hours
-->
<job id="Warm_Starts">
    <task repeat="100">
        <startup ignore_nav="true"/>
        <req_pos validfix="1"/>
    </task>
</job>

<!-- Systematic Test: Repetitive far starts -->
<job id="Far_Starts">
    <task repeat="100">
        <!-- Instructs GLL to ignore all elements stored in NVRAM listed below -->
        <startup 
            ignore_nav="true" 
            pos_error="true"
        />
        <req_pos validfix="1" />
    </task>
</job>

<!-- Systematic Test: Repetitive warm starts performed on GPS simulator -->
<job id="Simulator_Warm_Starts">
    <task repeat="100">
       <startup 
            ignore_rom_alm="true"
            ignore_nav="true" 
       />
       <req_pos validfix="1"/>
    </task>
</job>

<!-- Systematic Test: Repetitive hot starts  -->
<job id="Hot_Starts">
    <task repeat="100">
        <req_pos validfix="1"/>
    </task>
</job>

<!-- This job performes series of single shot requests using the data stored 
      in NVRAM to simulate assistance data received from the network 
      The QoS parameters are set to maxmize the GPS sensitivity 
-->
<job id="Assisted_Cold_Starts">
    <task repeat="100">
        <startup 
            ignore_rom_alm="true" 
            ignore_ram_alm="true"
        />
        <asst>
            <!--pos Lat="-30.0" Lon="-50.0" Alt="50" /-->
            <pos Lat="33.7691" Lon="-84.4062" Alt="300" />
            <!--pos Lat="37.0" Lon="-122.0" Alt="50" /-->
            <!--pos Lat="37.26533652" Lon="-121.94128855" Alt="51.4" /-->
        </asst>
        <req_pos_single acc="50" timeout="30" />
    </task>
</job>

<!-- This job performes series of single shot requests using the data stored 
      in NVRAM to simulate assistance data received from the network 
      The QoS parameters are set as it woudld be set by Spirent ULTS executing 
      3GPP TS performance tests.
-->
<job id="3GPP_Assisted_Cold_Starts">
    <task repeat="100">
        <startup 
            ignore_rom_alm="true" 
            ignore_ram_alm="true"
        />
        <asst>
            <!--pos Lat="-30.0" Lon="-50.0" Alt="50" /-->
            <pos Lat="33.7691" Lon="-84.4062" Alt="300" />
            <!--pos Lat="37.0" Lon="-122.0" Alt="50" /-->
            <!--pos Lat="37.26533652" Lon="-121.94128855" Alt="51.4" /-->
        </asst>
        <req_pos_single acc="25" timeout="20" />
    </task>
</job>

<!-- Starts single-channel factory test mode.  
     The signal is expected to initially be in the range from -125 dBm to -142 dBm
     with the frequency offset range from -2 ppm to +2 ppm for this mode to provide
     reliable results.
     
     The name Factory_High_SNR is legacy only. The recommended name is
     Factory_Track_Test.     
-->    
<job id="Factory_High_SNR">
    <task id="test" repeat="1">
        <startup
            ignore_osc="true"
            ignore_rom_alm="true"
            ignore_ram_alm="true"
            ignore_pos="true"
            ignore_nav="true"
            ignore_time="true"
        />
        <req_ftest
            PRN="1"
            GL_FACT_TEST_MODE="GL_FACT_TEST_CONT"
            GL_FACT_TEST_ITEMS="GL_FACT_TEST_WER" 
            avg_int_sec="10" 
            duration_sec="60"
        />
    </task>
</job>

<job id="Factory_Track_Test">
    <task id="test" repeat="1">
        <startup
            ignore_osc="true"
            ignore_rom_alm="true"
            ignore_ram_alm="true"
            ignore_pos="true"
            ignore_nav="true"
            ignore_time="true"
       />
        <req_ftest
            PRN="1"
            GL_FACT_TEST_MODE="GL_FACT_TEST_CONT"
            GL_FACT_TEST_ITEMS="GL_FACT_TEST_WER" 
            avg_int_sec="10" 
            duration_sec="60"
       />
    </task>
</job>

<!-- This job is intended to be ran after the Factory_Track_Test job 
     It uses the TCXO offset stored in NVRAM during the Factory_Track_Test job.
     
     This is a low-signal strength acquisition only test. It performs repeated 
     acquisitions but no tracking, hence it cannot be used to produce, for 
     example, WER measurements.
-->
<job id="Factory_Low_SNR">
    <task id="test" repeat="1">
        <startup
            ignore_osc="false"
            ignore_rom_alm="true"
            ignore_ram_alm="true"
            ignore_pos="true"
            ignore_nav="true"
            ignore_time="true"
        />
        <req_ftest
            PRN="1"
            GL_FACT_TEST_MODE="GL_FACT_TEST_CONT"
            GL_FACT_TEST_ITEMS="GL_FACT_TEST_WER" 
            avg_int_sec="10" 
            duration_sec="200"
        />
     </task>
</job>
<job id="Factory_Low_SNR_Acquisition">
    <task id="test" repeat="1">
        <startup
                  ignore_osc="false"
                  ignore_rom_alm="true"
                  ignore_ram_alm="true"
                  ignore_pos="true"
                  ignore_nav="true"
                  ignore_time="true"
       />
        <req_ftest
                PRN="1"
                GL_FACT_TEST_MODE="GL_FACT_TEST_CONT"
                GL_FACT_TEST_ITEMS="GL_FACT_TEST_WER" 
                avg_int_sec="10" 
                duration_sec="200"
       />
    </task>
</job>

</glgps>
